                  epoch,         train/box_loss,         train/cls_loss,         train/dfl_loss,   metrics/precision(B),      metrics/recall(B),       metrics/mAP50(B),    metrics/mAP50-95(B),           val/box_loss,           val/cls_loss,           val/dfl_loss,                 lr/pg0,                 lr/pg1,                 lr/pg2
                      1,                 2.5927,                 4.1166,                 2.5208,                0.97781,                0.07692,                0.10013,                0.04231,                 2.5532,                 3.8702,                 1.4684,              1.429e-05,              1.429e-05,              1.429e-05
                      2,                 2.3454,                 3.3042,                 1.7253,                0.86695,                0.26578,                0.36196,                0.11945,                 2.2328,                 3.4399,                 1.3485,             3.4382e-05,             3.4382e-05,             3.4382e-05
                      3,                 1.8304,                 1.8892,                 1.3845,                0.80133,                0.36014,                0.34456,                0.14058,                  2.072,                 3.1784,                 1.2368,             4.3156e-05,             4.3156e-05,             4.3156e-05
                      4,                 1.8517,                  1.683,                 1.4068,                0.56526,                0.35548,                0.44164,                0.21073,                 1.9477,                 2.3912,                 1.2551,             4.0612e-05,             4.0612e-05,             4.0612e-05
                      5,                 1.6873,                  1.609,                 1.2853,                0.46917,                0.41608,                0.36893,                 0.1855,                 1.9004,                  2.316,                 1.2537,             2.6751e-05,             2.6751e-05,             2.6751e-05
